,AAPL,AMZN,GME,GOOG,RITEX,TSLA,VWEHX
AAPL,1.0,0.8410153088058272,0.15122722739634464,0.44171598446233507,-0.31742855842375384,-0.21185535886956136,0.1940332953812141
AMZN,0.8410153088058272,1.0,0.16158886010011728,-0.07413616826236563,-0.7124003882402113,-0.6990352748802862,-0.36369272052321505
GME,0.15122722739634464,0.16158886010011728,1.0,0.34007822803431453,0.12868060770801545,-0.048151976646363816,0.08335618039808916
GOOG,0.44171598446233507,-0.07413616826236563,0.34007822803431453,1.0,0.6686467008273242,0.7358721712533627,0.9280198935251388
RITEX,-0.31742855842375384,-0.7124003882402113,0.12868060770801545,0.6686467008273242,1.0,0.9366865653571842,0.7716770115319547
TSLA,-0.21185535886956136,-0.6990352748802862,-0.048151976646363816,0.7358721712533627,0.9366865653571842,1.0,0.9035090890326359
VWEHX,0.1940332953812141,-0.36369272052321505,0.08335618039808916,0.9280198935251388,0.7716770115319547,0.9035090890326359,1.0
